,domain,difficulty,num,encodes,layers,hidden,method,model_num,model,length,expand,evaluated,time
0,spanner,easy,p03,hff,0,0,NaN,r0,hff,7,8,9,0
0,sokoban,easy,p04,hff,0,0,NaN,r0,hff,17,23,51,0
0,sokoban,hard,p15,hff,0,0,NaN,r0,hff,0,0,0,0
0,satellite,easy,p22,hff,0,0,NaN,r0,hff,30,73,4002,0.029235
0,spanner,hard,p02,hff,0,0,NaN,r0,hff,0,0,0,0
0,spanner,easy,p15,hff,0,0,NaN,r0,hff,14,55,87,0
0,miconic,medium,p17,hff,0,0,NaN,r0,hff,166,461,4848,0.0799611
0,rovers,medium,p06,hff,0,0,NaN,r0,hff,214,142060,2849530,241.974
0,rovers,easy,p12,hff,0,0,NaN,r0,hff,31,1598,12776,0.0280163
0,rovers,hard,p21,hff,0,0,NaN,r0,hff,0,0,0,0
0,transport,hard,p07,hff,0,0,NaN,r0,hff,0,0,0,0
0,childsnack,medium,p16,hff,0,0,NaN,r0,hff,0,0,0,0
0,transport,hard,p27,hff,0,0,NaN,r0,hff,0,0,0,0
0,spanner,medium,p17,hff,0,0,NaN,r0,hff,0,0,0,0
0,sokoban,easy,p29,hff,0,0,NaN,r0,hff,95,791,1281,0.0599296
0,rovers,medium,p09,hff,0,0,NaN,r0,hff,262,51244,1407192,225.643
0,floortile,easy,p03,hff,0,0,NaN,r0,hff,36,13514,26576,0.0775421
0,spanner,easy,p13,hff,0,0,NaN,r0,hff,13,63,95,0
0,satellite,medium,p22,hff,0,0,NaN,r0,hff,125,1083,725145,126.502
0,blocksworld,easy,p02,hff,0,0,NaN,r0,hff,8,11,19,0
0,sokoban,medium,p30,hff,0,0,NaN,r0,hff,0,0,0,0
0,floortile,medium,p04,hff,0,0,NaN,r0,hff,0,0,0,0
0,transport,easy,p09,hff,0,0,NaN,r0,hff,20,35,394,0.00662569
0,satellite,easy,p10,hff,0,0,NaN,r0,hff,8,23,555,0.00584721
0,satellite,easy,p12,hff,0,0,NaN,r0,hff,12,23,658,0
0,sokoban,medium,p16,hff,0,0,NaN,r0,hff,0,0,0,0
0,satellite,hard,p17,hff,0,0,NaN,r0,hff,0,0,0,0
0,sokoban,medium,p13,hff,0,0,NaN,r0,hff,0,0,0,0
0,blocksworld,hard,p24,hff,0,0,NaN,r0,hff,0,0,0,0
0,floortile,easy,p20,hff,0,0,NaN,r0,hff,0,0,0,0
0,blocksworld,hard,p06,hff,0,0,NaN,r0,hff,0,0,0,0
0,childsnack,medium,p10,hff,0,0,NaN,r0,hff,0,0,0,0
0,satellite,hard,p28,hff,0,0,NaN,r0,hff,0,0,0,0
0,spanner,hard,p07,hff,0,0,NaN,r0,hff,0,0,0,0
0,sokoban,hard,p09,hff,0,0,NaN,r0,hff,0,0,0,0
0,floortile,medium,p15,hff,0,0,NaN,r0,hff,0,0,0,0
0,floortile,hard,p03,hff,0,0,NaN,r0,hff,0,0,0,0
0,satellite,medium,p02,hff,0,0,NaN,r0,hff,68,133,28541,0.769576
0,rovers,hard,p29,hff,0,0,NaN,r0,hff,0,0,0,0
0,blocksworld,medium,p03,hff,0,0,NaN,r0,hff,0,0,0,0
0,miconic,medium,p28,hff,0,0,NaN,r0,hff,234,970,8552,0.199874
0,miconic,easy,p05,hff,0,0,NaN,r0,hff,7,9,25,0
0,satellite,easy,p15,hff,0,0,NaN,r0,hff,13,30,1112,0.00997982
0,rovers,hard,p02,hff,0,0,NaN,r0,hff,0,0,0,0
0,sokoban,easy,p27,hff,0,0,NaN,r0,hff,83,163,335,0.00999265
0,sokoban,easy,p22,hff,0,0,NaN,r0,hff,27,47,100,0
0,childsnack,medium,p22,hff,0,0,NaN,r0,hff,0,0,0,0
0,rovers,easy,p01,hff,0,0,NaN,r0,hff,9,12,35,0
0,floortile,medium,p25,hff,0,0,NaN,r0,hff,0,0,0,0
0,ferry,hard,p30,hff,0,0,NaN,r0,hff,0,0,0,0
0,satellite,medium,p05,hff,0,0,NaN,r0,hff,59,131,38290,1.41926
0,childsnack,medium,p26,hff,0,0,NaN,r0,hff,0,0,0,0
0,satellite,easy,p13,hff,0,0,NaN,r0,hff,9,11,361,0.00165491
0,miconic,easy,p08,hff,0,0,NaN,r0,hff,11,12,44,0
0,spanner,hard,p15,hff,0,0,NaN,r0,hff,0,0,0,0
0,childsnack,easy,p17,hff,0,0,NaN,r0,hff,33,25775,324950,3.13687
0,sokoban,medium,p12,hff,0,0,NaN,r0,hff,0,0,0,0
0,miconic,hard,p08,hff,0,0,NaN,r0,hff,473,2389,33731,2.2191
0,miconic,hard,p29,hff,0,0,NaN,r0,hff,1347,12694,181856,39.7469
0,childsnack,easy,p09,hff,0,0,NaN,r0,hff,22,7333,21650,0.088845
0,rovers,hard,p30,hff,0,0,NaN,r0,hff,0,0,0,0
0,blocksworld,medium,p09,hff,0,0,NaN,r0,hff,0,0,0,0
0,spanner,medium,p13,hff,0,0,NaN,r0,hff,0,0,0,0
0,floortile,easy,p07,hff,0,0,NaN,r0,hff,52,7706,15009,0.047564
0,ferry,hard,p12,hff,0,0,NaN,r0,hff,0,0,0,0
0,transport,easy,p01,hff,0,0,NaN,r0,hff,3,4,16,0
0,miconic,hard,p10,hff,0,0,NaN,r0,hff,564,3742,43274,3.2688
0,satellite,medium,p25,hff,0,0,NaN,r0,hff,62,79,74819,11.3853
0,blocksworld,medium,p10,hff,0,0,NaN,r0,hff,0,0,0,0
0,satellite,easy,p05,hff,0,0,NaN,r0,hff,9,28,323,0
0,transport,easy,p17,hff,0,0,NaN,r0,hff,42,4015,35431,1.15361
0,floortile,easy,p06,hff,0,0,NaN,r0,hff,50,7695,14974,0.0498943
0,transport,easy,p29,hff,0,0,NaN,r0,hff,67,12639,288609,25.6313
0,transport,easy,p14,hff,0,0,NaN,r0,hff,33,72,666,0.00999279
0,miconic,medium,p03,hff,0,0,NaN,r0,hff,81,152,1556,0.0199874
0,spanner,easy,p18,hff,0,0,NaN,r0,hff,14,46,80,0
0,blocksworld,medium,p20,hff,0,0,NaN,r0,hff,0,0,0,0
0,childsnack,easy,p04,hff,0,0,NaN,r0,hff,15,1061,2998,0.0045709
0,childsnack,medium,p03,hff,0,0,NaN,r0,hff,0,0,0,0
0,floortile,easy,p30,hff,0,0,NaN,r0,hff,0,0,0,0
0,sokoban,easy,p02,hff,0,0,NaN,r0,hff,7,11,20,0
0,ferry,easy,p30,hff,0,0,NaN,r0,hff,75,234,861,0.0173122
0,childsnack,medium,p02,hff,0,0,NaN,r0,hff,0,0,0,0
0,spanner,medium,p28,hff,0,0,NaN,r0,hff,0,0,0,0
0,rovers,hard,p17,hff,0,0,NaN,r0,hff,0,0,0,0
0,spanner,medium,p01,hff,0,0,NaN,r0,hff,0,0,0,0
0,floortile,hard,p23,hff,0,0,NaN,r0,hff,0,0,0,0
0,floortile,medium,p17,hff,0,0,NaN,r0,hff,0,0,0,0
0,rovers,hard,p03,hff,0,0,NaN,r0,hff,0,0,0,0
0,satellite,hard,p11,hff,0,0,NaN,r0,hff,0,0,0,0
0,rovers,medium,p02,hff,0,0,NaN,r0,hff,0,0,0,0
0,satellite,hard,p03,hff,0,0,NaN,r0,hff,173,342,784089,549.082
0,rovers,easy,p25,hff,0,0,NaN,r0,hff,61,373678,4857974,30.9073
0,miconic,easy,p13,hff,0,0,NaN,r0,hff,18,26,103,0.00384818
0,miconic,easy,p18,hff,0,0,NaN,r0,hff,19,21,164,0
0,sokoban,medium,p17,hff,0,0,NaN,r0,hff,0,0,0,0
0,blocksworld,easy,p27,hff,0,0,NaN,r0,hff,164,72664,272892,10.9132
0,childsnack,medium,p07,hff,0,0,NaN,r0,hff,0,0,0,0
0,floortile,hard,p19,hff,0,0,NaN,r0,hff,0,0,0,0
0,spanner,medium,p09,hff,0,0,NaN,r0,hff,0,0,0,0
0,miconic,medium,p15,hff,0,0,NaN,r0,hff,158,409,4274,0.0599693
0,blocksworld,medium,p30,hff,0,0,NaN,r0,hff,0,0,0,0
0,satellite,easy,p14,hff,0,0,NaN,r0,hff,20,49,1879,0.00810376
0,ferry,hard,p15,hff,0,0,NaN,r0,hff,0,0,0,0
0,blocksworld,easy,p08,hff,0,0,NaN,r0,hff,50,1096,2231,0.0124851
0,satellite,medium,p29,hff,0,0,NaN,r0,hff,171,820,842421,205.184
0,spanner,hard,p14,hff,0,0,NaN,r0,hff,0,0,0,0
0,floortile,medium,p12,hff,0,0,NaN,r0,hff,0,0,0,0
0,transport,hard,p30,hff,0,0,NaN,r0,hff,0,0,0,0
0,ferry,easy,p11,hff,0,0,NaN,r0,hff,30,62,171,0
0,spanner,easy,p27,hff,0,0,NaN,r0,hff,21,1310,1616,0
0,spanner,easy,p30,hff,0,0,NaN,r0,hff,21,1313,1619,0
0,childsnack,hard,p27,hff,0,0,NaN,r0,hff,0,0,0,0
0,childsnack,easy,p23,hff,0,0,NaN,r0,hff,42,490803,9231445,181.655
0,spanner,easy,p05,hff,0,0,NaN,r0,hff,7,8,11,0
0,sokoban,easy,p25,hff,0,0,NaN,r0,hff,68,334,663,0.0199859
0,satellite,easy,p29,hff,0,0,NaN,r0,hff,13,19,1814,0.0158906
0,rovers,medium,p05,hff,0,0,NaN,r0,hff,0,0,0,0
0,ferry,easy,p18,hff,0,0,NaN,r0,hff,43,107,365,0
0,floortile,easy,p19,hff,0,0,NaN,r0,hff,0,0,0,0
0,miconic,easy,p25,hff,0,0,NaN,r0,hff,29,38,314,0
0,spanner,hard,p05,hff,0,0,NaN,r0,hff,0,0,0,0
0,childsnack,medium,p19,hff,0,0,NaN,r0,hff,0,0,0,0
0,ferry,medium,p08,hff,0,0,NaN,r0,hff,106,591,2240,0.0998491
0,spanner,hard,p24,hff,0,0,NaN,r0,hff,0,0,0,0
0,childsnack,easy,p19,hff,0,0,NaN,r0,hff,38,139920,1879239,23.78
0,ferry,easy,p03,hff,0,0,NaN,r0,hff,12,20,34,0
0,childsnack,easy,p29,hff,0,0,NaN,r0,hff,0,0,0,0
0,satellite,easy,p20,hff,0,0,NaN,r0,hff,31,48,3016,0.017573
0,miconic,hard,p27,hff,0,0,NaN,r0,hff,1274,11069,163119,32.4082
0,blocksworld,medium,p12,hff,0,0,NaN,r0,hff,0,0,0,0
0,spanner,medium,p29,hff,0,0,NaN,r0,hff,0,0,0,0
0,blocksworld,easy,p23,hff,0,0,NaN,r0,hff,136,460645,1686065,55.8082
0,ferry,easy,p10,hff,0,0,NaN,r0,hff,26,56,147,0
0,transport,hard,p16,hff,0,0,NaN,r0,hff,0,0,0,0
0,spanner,hard,p20,hff,0,0,NaN,r0,hff,0,0,0,0
0,miconic,medium,p16,hff,0,0,NaN,r0,hff,165,571,4552,0.0699632
0,ferry,medium,p23,hff,0,0,NaN,r0,hff,274,2457,10537,1.40932
0,blocksworld,medium,p11,hff,0,0,NaN,r0,hff,0,0,0,0
0,childsnack,medium,p05,hff,0,0,NaN,r0,hff,0,0,0,0
0,ferry,easy,p20,hff,0,0,NaN,r0,hff,50,125,433,0.00669523
0,childsnack,hard,p01,hff,0,0,NaN,r0,hff,0,0,0,0
0,transport,medium,p30,hff,0,0,NaN,r0,hff,0,0,0,0
0,transport,easy,p15,hff,0,0,NaN,r0,hff,30,1459,16538,0.409356
0,blocksworld,easy,p15,hff,0,0,NaN,r0,hff,124,6477,15148,0.259608
0,spanner,medium,p16,hff,0,0,NaN,r0,hff,0,0,0,0
0,satellite,hard,p18,hff,0,0,NaN,r0,hff,0,0,0,0
0,blocksworld,medium,p17,hff,0,0,NaN,r0,hff,0,0,0,0
0,spanner,easy,p24,hff,0,0,NaN,r0,hff,18,222,321,0.000770802
0,transport,hard,p18,hff,0,0,NaN,r0,hff,0,0,0,0
0,transport,hard,p23,hff,0,0,NaN,r0,hff,0,0,0,0
0,ferry,hard,p21,hff,0,0,NaN,r0,hff,0,0,0,0
0,miconic,medium,p18,hff,0,0,NaN,r0,hff,173,460,5151,0.0899456
0,ferry,hard,p01,hff,0,0,NaN,r0,hff,701,14801,70497,85.3775
0,childsnack,medium,p06,hff,0,0,NaN,r0,hff,0,0,0,0
0,rovers,hard,p23,hff,0,0,NaN,r0,hff,0,0,0,0
0,rovers,easy,p17,hff,0,0,NaN,r0,hff,56,2772,30402,0.148096
0,ferry,easy,p24,hff,0,0,NaN,r0,hff,58,187,595,0.00681784
0,childsnack,easy,p21,hff,0,0,NaN,r0,hff,37,126001,2148337,32.6897
0,blocksworld,medium,p18,hff,0,0,NaN,r0,hff,0,0,0,0
0,rovers,hard,p14,hff,0,0,NaN,r0,hff,0,0,0,0
0,rovers,easy,p19,hff,0,0,NaN,r0,hff,54,4247,25090,0.136129
0,miconic,easy,p21,hff,0,0,NaN,r0,hff,25,32,213,0
0,ferry,easy,p16,hff,0,0,NaN,r0,hff,41,97,292,0
0,ferry,easy,p09,hff,0,0,NaN,r0,hff,26,45,127,0
0,sokoban,easy,p19,hff,0,0,NaN,r0,hff,55,159,313,0.00681674
0,satellite,hard,p12,hff,0,0,NaN,r0,hff,0,0,0,0
0,spanner,medium,p22,hff,0,0,NaN,r0,hff,0,0,0,0
0,satellite,hard,p09,hff,0,0,NaN,r0,hff,0,0,0,0
0,sokoban,hard,p07,hff,0,0,NaN,r0,hff,0,0,0,0
0,miconic,hard,p20,hff,0,0,NaN,r0,hff,989,7576,105299,14.8326
0,sokoban,hard,p03,hff,0,0,NaN,r0,hff,0,0,0,0
0,miconic,hard,p16,hff,0,0,NaN,r0,hff,821,5559,77641,8.56553
0,floortile,hard,p06,hff,0,0,NaN,r0,hff,0,0,0,0
0,rovers,hard,p26,hff,0,0,NaN,r0,hff,0,0,0,0
0,rovers,hard,p06,hff,0,0,NaN,r0,hff,0,0,0,0
0,spanner,easy,p14,hff,0,0,NaN,r0,hff,14,52,84,0
0,miconic,hard,p09,hff,0,0,NaN,r0,hff,534,3756,38364,2.71891
0,rovers,medium,p17,hff,0,0,NaN,r0,hff,0,0,0,0
0,ferry,easy,p01,hff,0,0,NaN,r0,hff,8,11,22,0.00406204
0,miconic,hard,p18,hff,0,0,NaN,r0,hff,892,5875,91080,11.3841
0,transport,easy,p21,hff,0,0,NaN,r0,hff,40,125,4415,0.189807
0,rovers,easy,p09,hff,0,0,NaN,r0,hff,6,7,35,0
0,satellite,easy,p11,hff,0,0,NaN,r0,hff,18,31,889,0
0,transport,easy,p13,hff,0,0,NaN,r0,hff,29,51,959,0.0199877
0,blocksworld,hard,p26,hff,0,0,NaN,r0,hff,0,0,0,0
0,ferry,medium,p17,hff,0,0,NaN,r0,hff,206,1495,6614,0.589703
0,satellite,medium,p01,hff,0,0,NaN,r0,hff,64,138,28666,0.739608
0,blocksworld,medium,p28,hff,0,0,NaN,r0,hff,0,0,0,0
0,miconic,easy,p01,hff,0,0,NaN,r0,hff,4,5,9,0
0,rovers,easy,p04,hff,0,0,NaN,r0,hff,18,24,83,0
0,miconic,medium,p11,hff,0,0,NaN,r0,hff,131,355,3239,0.048279
0,miconic,hard,p30,hff,0,0,NaN,r0,hff,1391,13503,191605,43.0165
0,transport,easy,p20,hff,0,0,NaN,r0,hff,41,105,2699,0.0999631
0,rovers,medium,p28,hff,0,0,NaN,r0,hff,0,0,0,0
0,childsnack,medium,p30,hff,0,0,NaN,r0,hff,0,0,0,0
0,childsnack,easy,p02,hff,0,0,NaN,r0,hff,17,247,703,0
0,miconic,easy,p16,hff,0,0,NaN,r0,hff,22,34,148,0
0,ferry,hard,p23,hff,0,0,NaN,r0,hff,0,0,0,0
0,floortile,medium,p30,hff,0,0,NaN,r0,hff,0,0,0,0
0,sokoban,hard,p29,hff,0,0,NaN,r0,hff,0,0,0,0
0,miconic,hard,p13,hff,0,0,NaN,r0,hff,694,4693,59356,5.45777
0,ferry,hard,p26,hff,0,0,NaN,r0,hff,0,0,0,0
0,blocksworld,medium,p23,hff,0,0,NaN,r0,hff,0,0,0,0
0,ferry,medium,p09,hff,0,0,NaN,r0,hff,128,716,2711,0.147889
0,floortile,hard,p26,hff,0,0,NaN,r0,hff,0,0,0,0
0,blocksworld,easy,p12,hff,0,0,NaN,r0,hff,82,11027,27132,0.356983
0,miconic,easy,p28,hff,0,0,NaN,r0,hff,36,50,385,0
0,miconic,easy,p23,hff,0,0,NaN,r0,hff,27,38,264,0
0,transport,easy,p08,hff,0,0,NaN,r0,hff,17,31,212,0
0,floortile,easy,p05,hff,0,0,NaN,r0,hff,52,3026,6131,0.0175788
0,satellite,medium,p24,hff,0,0,NaN,r0,hff,159,237,220486,40.8715
0,miconic,hard,p05,hff,0,0,NaN,r0,hff,354,2281,21265,1.10937
0,rovers,hard,p27,hff,0,0,NaN,r0,hff,0,0,0,0
0,miconic,hard,p28,hff,0,0,NaN,r0,hff,1321,12234,172368,36.5111
0,blocksworld,hard,p29,hff,0,0,NaN,r0,hff,0,0,0,0
0,sokoban,easy,p10,hff,0,0,NaN,r0,hff,11,12,28,0
0,spanner,easy,p17,hff,0,0,NaN,r0,hff,14,83,133,0
0,childsnack,hard,p11,hff,0,0,NaN,r0,hff,0,0,0,0
0,satellite,hard,p23,hff,0,0,NaN,r0,hff,0,0,0,0
0,transport,medium,p27,hff,0,0,NaN,r0,hff,0,0,0,0
0,spanner,easy,p04,hff,0,0,NaN,r0,hff,7,8,10,0
0,ferry,hard,p04,hff,0,0,NaN,r0,hff,990,28178,137601,432.281
0,ferry,easy,p27,hff,0,0,NaN,r0,hff,62,213,737,0.00892746
0,miconic,easy,p02,hff,0,0,NaN,r0,hff,4,6,9,0.000665605
0,transport,medium,p08,hff,0,0,NaN,r0,hff,64,4100,265224,173.783
0,spanner,easy,p28,hff,0,0,NaN,r0,hff,21,1340,1646,0.00547415
0,blocksworld,easy,p18,hff,0,0,NaN,r0,hff,136,8469,24985,0.584212
0,blocksworld,medium,p26,hff,0,0,NaN,r0,hff,0,0,0,0
0,sokoban,medium,p18,hff,0,0,NaN,r0,hff,0,0,0,0
0,spanner,medium,p08,hff,0,0,NaN,r0,hff,0,0,0,0
0,ferry,medium,p14,hff,0,0,NaN,r0,hff,174,1162,4937,0.339869
0,miconic,easy,p24,hff,0,0,NaN,r0,hff,30,43,276,0
0,sokoban,medium,p03,hff,0,0,NaN,r0,hff,242,27696,38960,6.2753
0,ferry,medium,p04,hff,0,0,NaN,r0,hff,70,281,1091,0.0297018
0,miconic,medium,p25,hff,0,0,NaN,r0,hff,207,534,7452,0.157924
0,floortile,medium,p23,hff,0,0,NaN,r0,hff,0,0,0,0
0,rovers,hard,p20,hff,0,0,NaN,r0,hff,0,0,0,0
0,satellite,medium,p28,hff,0,0,NaN,r0,hff,31,834,750969,122.34
0,ferry,medium,p12,hff,0,0,NaN,r0,hff,156,951,3967,0.229895
0,transport,hard,p15,hff,0,0,NaN,r0,hff,0,0,0,0
0,miconic,easy,p07,hff,0,0,NaN,r0,hff,10,13,46,0
0,satellite,medium,p19,hff,0,0,NaN,r0,hff,104,136,98540,10.9648
0,miconic,easy,p26,hff,0,0,NaN,r0,hff,32,47,329,0.00171857
0,satellite,medium,p11,hff,0,0,NaN,r0,hff,115,271,121572,7.85574
0,satellite,easy,p03,hff,0,0,NaN,r0,hff,8,9,95,0
0,sokoban,easy,p14,hff,0,0,NaN,r0,hff,24,26,64,0
0,childsnack,medium,p15,hff,0,0,NaN,r0,hff,0,0,0,0
0,sokoban,hard,p16,hff,0,0,NaN,r0,hff,0,0,0,0
0,sokoban,hard,p24,hff,0,0,NaN,r0,hff,0,0,0,0
0,blocksworld,hard,p04,hff,0,0,NaN,r0,hff,0,0,0,0
0,floortile,medium,p20,hff,0,0,NaN,r0,hff,0,0,0,0
0,spanner,medium,p30,hff,0,0,NaN,r0,hff,0,0,0,0
0,transport,hard,p03,hff,0,0,NaN,r0,hff,0,0,0,0
0,rovers,hard,p18,hff,0,0,NaN,r0,hff,0,0,0,0
0,sokoban,easy,p05,hff,0,0,NaN,r0,hff,9,11,26,0
0,satellite,hard,p25,hff,0,0,NaN,r0,hff,0,0,0,0
0,childsnack,medium,p17,hff,0,0,NaN,r0,hff,0,0,0,0
0,spanner,easy,p25,hff,0,0,NaN,r0,hff,20,1256,1561,0
0,spanner,hard,p26,hff,0,0,NaN,r0,hff,0,0,0,0
0,childsnack,hard,p26,hff,0,0,NaN,r0,hff,0,0,0,0
0,blocksworld,easy,p03,hff,0,0,NaN,r0,hff,44,137,247,0
0,rovers,easy,p21,hff,0,0,NaN,r0,hff,47,508,3790,0.0299792
0,ferry,hard,p17,hff,0,0,NaN,r0,hff,0,0,0,0
0,floortile,medium,p29,hff,0,0,NaN,r0,hff,0,0,0,0
0,spanner,medium,p04,hff,0,0,NaN,r0,hff,0,0,0,0
0,blocksworld,easy,p28,hff,0,0,NaN,r0,hff,278,256304,629238,28.0345
0,spanner,hard,p12,hff,0,0,NaN,r0,hff,0,0,0,0
0,satellite,easy,p18,hff,0,0,NaN,r0,hff,14,27,1090,0
0,childsnack,hard,p24,hff,0,0,NaN,r0,hff,0,0,0,0
0,childsnack,medium,p25,hff,0,0,NaN,r0,hff,0,0,0,0
0,ferry,hard,p22,hff,0,0,NaN,r0,hff,0,0,0,0
0,spanner,medium,p19,hff,0,0,NaN,r0,hff,0,0,0,0
0,transport,easy,p30,hff,0,0,NaN,r0,hff,52,3712,149526,12.7547
0,blocksworld,hard,p09,hff,0,0,NaN,r0,hff,0,0,0,0
0,floortile,medium,p16,hff,0,0,NaN,r0,hff,0,0,0,0
0,rovers,easy,p27,hff,0,0,NaN,r0,hff,0,0,0,0
0,rovers,medium,p04,hff,0,0,NaN,r0,hff,0,0,0,0
0,rovers,hard,p05,hff,0,0,NaN,r0,hff,0,0,0,0
0,spanner,medium,p18,hff,0,0,NaN,r0,hff,0,0,0,0
0,transport,medium,p25,hff,0,0,NaN,r0,hff,0,0,0,0
0,childsnack,hard,p30,hff,0,0,NaN,r0,hff,0,0,0,0
0,spanner,medium,p25,hff,0,0,NaN,r0,hff,0,0,0,0
0,transport,hard,p20,hff,0,0,NaN,r0,hff,0,0,0,0
0,transport,hard,p04,hff,0,0,NaN,r0,hff,0,0,0,0
0,floortile,hard,p18,hff,0,0,NaN,r0,hff,0,0,0,0
0,miconic,hard,p02,hff,0,0,NaN,r0,hff,215,728,10985,0.449283
0,satellite,easy,p24,hff,0,0,NaN,r0,hff,11,12,810,0
0,spanner,medium,p27,hff,0,0,NaN,r0,hff,0,0,0,0
0,floortile,easy,p21,hff,0,0,NaN,r0,hff,78,9394817,27646936,181.576
0,miconic,easy,p10,hff,0,0,NaN,r0,hff,15,25,74,0
0,ferry,easy,p14,hff,0,0,NaN,r0,hff,35,84,241,0
0,sokoban,hard,p19,hff,0,0,NaN,r0,hff,0,0,0,0
0,blocksworld,hard,p08,hff,0,0,NaN,r0,hff,0,0,0,0
0,spanner,hard,p17,hff,0,0,NaN,r0,hff,0,0,0,0
0,transport,easy,p12,hff,0,0,NaN,r0,hff,24,43,774,0.00999469
0,floortile,hard,p16,hff,0,0,NaN,r0,hff,0,0,0,0
0,transport,easy,p27,hff,0,0,NaN,r0,hff,121,34590,560552,44.7345
0,miconic,hard,p06,hff,0,0,NaN,r0,hff,403,2314,25167,1.42942
0,ferry,medium,p01,hff,0,0,NaN,r0,hff,38,105,449,0
0,ferry,hard,p29,hff,0,0,NaN,r0,hff,0,0,0,0
0,childsnack,hard,p16,hff,0,0,NaN,r0,hff,0,0,0,0
0,childsnack,hard,p09,hff,0,0,NaN,r0,hff,0,0,0,0
0,miconic,medium,p14,hff,0,0,NaN,r0,hff,145,322,4013,0.0594428
0,sokoban,hard,p18,hff,0,0,NaN,r0,hff,0,0,0,0
0,rovers,medium,p22,hff,0,0,NaN,r0,hff,0,0,0,0
0,floortile,hard,p05,hff,0,0,NaN,r0,hff,0,0,0,0
0,spanner,easy,p16,hff,0,0,NaN,r0,hff,14,50,83,0
0,satellite,medium,p12,hff,0,0,NaN,r0,hff,77,181,85741,6.10253
0,miconic,hard,p25,hff,0,0,NaN,r0,hff,1169,10975,145444,26.0184
0,miconic,hard,p04,hff,0,0,NaN,r0,hff,310,1431,17580,0.838146
0,ferry,easy,p13,hff,0,0,NaN,r0,hff,32,79,208,0
0,childsnack,easy,p10,hff,0,0,NaN,r0,hff,25,1097845,2081687,9.54551
0,floortile,easy,p27,hff,0,0,NaN,r0,hff,0,0,0,0
0,satellite,easy,p23,hff,0,0,NaN,r0,hff,19,40,2666,0.0199795
0,childsnack,easy,p20,hff,0,0,NaN,r0,hff,38,486450,5371738,70.9179
0,spanner,medium,p05,hff,0,0,NaN,r0,hff,0,0,0,0
0,childsnack,hard,p22,hff,0,0,NaN,r0,hff,0,0,0,0
0,miconic,easy,p22,hff,0,0,NaN,r0,hff,30,34,242,0.00485491
0,floortile,easy,p10,hff,0,0,NaN,r0,hff,61,1786142,3760106,14.7545
0,childsnack,hard,p06,hff,0,0,NaN,r0,hff,0,0,0,0
0,transport,easy,p11,hff,0,0,NaN,r0,hff,24,167,1698,0.0261013
0,ferry,hard,p10,hff,0,0,NaN,r0,hff,0,0,0,0
0,floortile,medium,p26,hff,0,0,NaN,r0,hff,0,0,0,0
0,sokoban,medium,p07,hff,0,0,NaN,r0,hff,966,65000,101497,53.7187
0,floortile,hard,p13,hff,0,0,NaN,r0,hff,0,0,0,0
0,ferry,medium,p29,hff,0,0,NaN,r0,hff,332,3485,15892,3.01784
0,childsnack,hard,p04,hff,0,0,NaN,r0,hff,0,0,0,0
0,rovers,easy,p16,hff,0,0,NaN,r0,hff,27,180,1132,0.0056603
0,childsnack,easy,p07,hff,0,0,NaN,r0,hff,20,3784,10880,0.0420402
0,transport,hard,p02,hff,0,0,NaN,r0,hff,0,0,0,0
0,rovers,medium,p10,hff,0,0,NaN,r0,hff,0,0,0,0
0,transport,easy,p07,hff,0,0,NaN,r0,hff,16,24,274,0.00198077
0,satellite,medium,p09,hff,0,0,NaN,r0,hff,65,306,108936,5.64687
0,sokoban,easy,p08,hff,0,0,NaN,r0,hff,11,18,43,0
0,ferry,medium,p18,hff,0,0,NaN,r0,hff,218,1640,7131,0.669675
0,miconic,hard,p17,hff,0,0,NaN,r0,hff,862,7315,84155,10.0549
0,miconic,easy,p12,hff,0,0,NaN,r0,hff,14,16,82,0
0,miconic,medium,p26,hff,0,0,NaN,r0,hff,227,900,7793,0.179941
0,floortile,medium,p21,hff,0,0,NaN,r0,hff,0,0,0,0
0,sokoban,hard,p02,hff,0,0,NaN,r0,hff,0,0,0,0
0,satellite,medium,p17,hff,0,0,NaN,r0,hff,58,528,295226,26.4935
0,rovers,medium,p18,hff,0,0,NaN,r0,hff,0,0,0,0
0,transport,easy,p03,hff,0,0,NaN,r0,hff,6,7,58,0
0,blocksworld,hard,p23,hff,0,0,NaN,r0,hff,0,0,0,0
0,blocksworld,medium,p19,hff,0,0,NaN,r0,hff,0,0,0,0
0,ferry,easy,p04,hff,0,0,NaN,r0,hff,11,18,41,0
0,blocksworld,hard,p14,hff,0,0,NaN,r0,hff,0,0,0,0
0,childsnack,hard,p18,hff,0,0,NaN,r0,hff,0,0,0,0
0,satellite,hard,p30,hff,0,0,NaN,r0,hff,0,0,0,0
0,satellite,easy,p28,hff,0,0,NaN,r0,hff,34,61,6183,0.0682673
0,childsnack,hard,p08,hff,0,0,NaN,r0,hff,0,0,0,0
0,transport,medium,p14,hff,0,0,NaN,r0,hff,84,5791,743402,1366.98
0,rovers,easy,p29,hff,0,0,NaN,r0,hff,31,94,675,0
0,ferry,hard,p08,hff,0,0,NaN,r0,hff,1377,53535,263743,1772.42
0,spanner,medium,p07,hff,0,0,NaN,r0,hff,0,0,0,0
0,sokoban,medium,p26,hff,0,0,NaN,r0,hff,0,0,0,0
0,rovers,medium,p15,hff,0,0,NaN,r0,hff,0,0,0,0
0,satellite,hard,p26,hff,0,0,NaN,r0,hff,0,0,0,0
0,blocksworld,hard,p05,hff,0,0,NaN,r0,hff,0,0,0,0
0,spanner,medium,p26,hff,0,0,NaN,r0,hff,0,0,0,0
0,ferry,hard,p07,hff,0,0,NaN,r0,hff,1268,46701,227414,1157.9
0,floortile,hard,p20,hff,0,0,NaN,r0,hff,0,0,0,0
0,satellite,medium,p06,hff,0,0,NaN,r0,hff,59,128,39789,1.53923
0,blocksworld,medium,p02,hff,0,0,NaN,r0,hff,0,0,0,0
0,ferry,hard,p11,hff,0,0,NaN,r0,hff,0,0,0,0
0,ferry,easy,p29,hff,0,0,NaN,r0,hff,68,231,789,0.00949404
0,transport,medium,p15,hff,0,0,NaN,r0,hff,91,860,259700,661.208
0,floortile,easy,p29,hff,0,0,NaN,r0,hff,0,0,0,0
0,spanner,easy,p01,hff,0,0,NaN,r0,hff,7,8,9,0
0,sokoban,medium,p14,hff,0,0,NaN,r0,hff,0,0,0,0
0,transport,hard,p14,hff,0,0,NaN,r0,hff,0,0,0,0
0,satellite,hard,p19,hff,0,0,NaN,r0,hff,0,0,0,0
0,miconic,hard,p01,hff,0,0,NaN,r0,hff,177,732,8027,0.289484
0,rovers,medium,p29,hff,0,0,NaN,r0,hff,0,0,0,0
0,transport,medium,p07,hff,0,0,NaN,r0,hff,45,59,14630,8.25283
0,floortile,medium,p24,hff,0,0,NaN,r0,hff,0,0,0,0
0,transport,medium,p10,hff,0,0,NaN,r0,hff,0,0,0,0
0,miconic,medium,p10,hff,0,0,NaN,r0,hff,121,275,3027,0.0399746
0,sokoban,medium,p06,hff,0,0,NaN,r0,hff,0,0,0,0
0,blocksworld,hard,p28,hff,0,0,NaN,r0,hff,0,0,0,0
0,miconic,easy,p03,hff,0,0,NaN,r0,hff,4,5,11,0
0,floortile,easy,p12,hff,0,0,NaN,r0,hff,0,0,0,0
0,spanner,hard,p16,hff,0,0,NaN,r0,hff,0,0,0,0
0,sokoban,medium,p28,hff,0,0,NaN,r0,hff,0,0,0,0
0,rovers,medium,p27,hff,0,0,NaN,r0,hff,0,0,0,0
0,rovers,hard,p12,hff,0,0,NaN,r0,hff,0,0,0,0
0,ferry,medium,p30,hff,0,0,NaN,r0,hff,344,3626,16456,3.31724
0,rovers,medium,p25,hff,0,0,NaN,r0,hff,0,0,0,0
0,sokoban,easy,p21,hff,0,0,NaN,r0,hff,35,134,188,0.00751031
0,rovers,easy,p24,hff,0,0,NaN,r0,hff,80,467,4732,0.0299331
0,sokoban,medium,p15,hff,0,0,NaN,r0,hff,0,0,0,0
0,rovers,hard,p16,hff,0,0,NaN,r0,hff,0,0,0,0
0,childsnack,hard,p05,hff,0,0,NaN,r0,hff,0,0,0,0
0,miconic,hard,p26,hff,0,0,NaN,r0,hff,1242,13081,154156,29.4164
0,sokoban,hard,p22,hff,0,0,NaN,r0,hff,0,0,0,0
0,spanner,medium,p15,hff,0,0,NaN,r0,hff,0,0,0,0
0,satellite,medium,p15,hff,0,0,NaN,r0,hff,22,125,69112,4.82869
0,floortile,medium,p01,hff,0,0,NaN,r0,hff,0,0,0,0
0,sokoban,easy,p16,hff,0,0,NaN,r0,hff,42,67,142,0
0,miconic,easy,p06,hff,0,0,NaN,r0,hff,8,10,25,0
0,satellite,medium,p16,hff,0,0,NaN,r0,hff,114,169,109357,11.1483
0,transport,easy,p18,hff,0,0,NaN,r0,hff,39,1011,14016,0.489879
0,transport,medium,p11,hff,0,0,NaN,r0,hff,64,145,46858,51.6176
0,rovers,medium,p24,hff,0,0,NaN,r0,hff,0,0,0,0
0,sokoban,hard,p28,hff,0,0,NaN,r0,hff,0,0,0,0
0,transport,hard,p08,hff,0,0,NaN,r0,hff,0,0,0,0
0,spanner,easy,p08,hff,0,0,NaN,r0,hff,10,17,26,0
0,sokoban,hard,p25,hff,0,0,NaN,r0,hff,0,0,0,0
0,satellite,easy,p30,hff,0,0,NaN,r0,hff,29,37,3695,0.0399663
0,blocksworld,easy,p26,hff,0,0,NaN,r0,hff,192,82908,389903,14.9852
0,miconic,medium,p09,hff,0,0,NaN,r0,hff,119,298,2775,0.0395767
0,childsnack,hard,p03,hff,0,0,NaN,r0,hff,0,0,0,0
0,spanner,easy,p09,hff,0,0,NaN,r0,hff,10,17,26,0
0,floortile,easy,p28,hff,0,0,NaN,r0,hff,0,0,0,0
0,miconic,medium,p21,hff,0,0,NaN,r0,hff,185,446,6094,0.109937
0,sokoban,hard,p05,hff,0,0,NaN,r0,hff,0,0,0,0
0,transport,easy,p19,hff,0,0,NaN,r0,hff,65,692,11335,0.439783
0,transport,medium,p01,hff,0,0,NaN,r0,hff,26,1693,46378,5.79599
0,floortile,hard,p28,hff,0,0,NaN,r0,hff,0,0,0,0
0,sokoban,hard,p08,hff,0,0,NaN,r0,hff,0,0,0,0
0,floortile,medium,p27,hff,0,0,NaN,r0,hff,0,0,0,0
0,floortile,easy,p13,hff,0,0,NaN,r0,hff,0,0,0,0
0,ferry,medium,p25,hff,0,0,NaN,r0,hff,301,2830,12021,1.82783
0,floortile,hard,p10,hff,0,0,NaN,r0,hff,0,0,0,0
0,spanner,medium,p20,hff,0,0,NaN,r0,hff,0,0,0,0
0,spanner,hard,p18,hff,0,0,NaN,r0,hff,0,0,0,0
0,miconic,medium,p29,hff,0,0,NaN,r0,hff,239,702,8932,0.219848
0,miconic,hard,p07,hff,0,0,NaN,r0,hff,441,2387,29323,1.78927
0,floortile,medium,p18,hff,0,0,NaN,r0,hff,0,0,0,0
0,blocksworld,easy,p13,hff,0,0,NaN,r0,hff,82,3160,6487,0.0980963
0,transport,medium,p13,hff,0,0,NaN,r0,hff,78,3864,718508,1404.51
0,rovers,hard,p15,hff,0,0,NaN,r0,hff,0,0,0,0
0,ferry,hard,p05,hff,0,0,NaN,r0,hff,1087,33953,164872,530.7
0,childsnack,medium,p24,hff,0,0,NaN,r0,hff,0,0,0,0
0,floortile,easy,p26,hff,0,0,NaN,r0,hff,0,0,0,0
0,blocksworld,hard,p07,hff,0,0,NaN,r0,hff,0,0,0,0
0,miconic,easy,p27,hff,0,0,NaN,r0,hff,32,56,330,0.00260496
0,floortile,medium,p09,hff,0,0,NaN,r0,hff,0,0,0,0
0,floortile,medium,p22,hff,0,0,NaN,r0,hff,0,0,0,0
0,blocksworld,hard,p13,hff,0,0,NaN,r0,hff,0,0,0,0
0,transport,medium,p09,hff,0,0,NaN,r0,hff,0,0,0,0
0,ferry,medium,p21,hff,0,0,NaN,r0,hff,248,2219,9211,1.09945
0,ferry,hard,p16,hff,0,0,NaN,r0,hff,0,0,0,0
0,ferry,medium,p28,hff,0,0,NaN,r0,hff,323,3234,14396,2.58579
0,miconic,easy,p20,hff,0,0,NaN,r0,hff,25,34,200,0
0,spanner,medium,p24,hff,0,0,NaN,r0,hff,0,0,0,0
0,spanner,easy,p02,hff,0,0,NaN,r0,hff,7,8,9,0
0,transport,easy,p06,hff,0,0,NaN,r0,hff,16,50,268,0.00255505
0,childsnack,easy,p24,hff,0,0,NaN,r0,hff,42,553570,9573171,187.705
0,sokoban,easy,p15,hff,0,0,NaN,r0,hff,16,24,52,0
0,floortile,hard,p15,hff,0,0,NaN,r0,hff,0,0,0,0
0,ferry,medium,p24,hff,0,0,NaN,r0,hff,283,2494,11340,1.58925
0,ferry,medium,p05,hff,0,0,NaN,r0,hff,77,328,1375,0.039981
0,transport,easy,p04,hff,0,0,NaN,r0,hff,6,7,70,0
0,rovers,hard,p28,hff,0,0,NaN,r0,hff,0,0,0,0
0,miconic,easy,p15,hff,0,0,NaN,r0,hff,18,21,112,0.00393678
0,spanner,easy,p12,hff,0,0,NaN,r0,hff,11,15,25,0
0,transport,easy,p23,hff,0,0,NaN,r0,hff,69,19189,220806,12.0333
0,transport,medium,p24,hff,0,0,NaN,r0,hff,0,0,0,0
0,floortile,easy,p16,hff,0,0,NaN,r0,hff,0,0,0,0
0,transport,hard,p19,hff,0,0,NaN,r0,hff,0,0,0,0
0,spanner,medium,p23,hff,0,0,NaN,r0,hff,0,0,0,0
0,childsnack,medium,p01,hff,0,0,NaN,r0,hff,0,0,0,0
0,childsnack,easy,p15,hff,0,0,NaN,r0,hff,35,2842301,6733805,45.5182
0,transport,medium,p04,hff,0,0,NaN,r0,hff,37,174,17909,5.42579
0,ferry,easy,p28,hff,0,0,NaN,r0,hff,69,234,786,0.00952763
0,spanner,hard,p27,hff,0,0,NaN,r0,hff,0,0,0,0
0,blocksworld,hard,p01,hff,0,0,NaN,r0,hff,0,0,0,0
0,floortile,easy,p25,hff,0,0,NaN,r0,hff,0,0,0,0
0,satellite,easy,p21,hff,0,0,NaN,r0,hff,31,63,3859,0.0299662
0,satellite,medium,p10,hff,0,0,NaN,r0,hff,22,136,53551,2.49741
0,blocksworld,medium,p06,hff,0,0,NaN,r0,hff,0,0,0,0
0,satellite,hard,p06,hff,0,0,NaN,r0,hff,0,0,0,0
0,floortile,hard,p04,hff,0,0,NaN,r0,hff,0,0,0,0
0,miconic,medium,p06,hff,0,0,NaN,r0,hff,100,264,2131,0.019968
0,ferry,medium,p06,hff,0,0,NaN,r0,hff,90,429,1645,0.0698298
0,rovers,medium,p11,hff,0,0,NaN,r0,hff,0,0,0,0
0,floortile,medium,p02,hff,0,0,NaN,r0,hff,0,0,0,0
0,miconic,medium,p13,hff,0,0,NaN,r0,hff,140,391,3753,0.0499726
0,childsnack,medium,p21,hff,0,0,NaN,r0,hff,0,0,0,0
0,transport,hard,p12,hff,0,0,NaN,r0,hff,0,0,0,0
0,sokoban,hard,p13,hff,0,0,NaN,r0,hff,0,0,0,0
0,blocksworld,medium,p27,hff,0,0,NaN,r0,hff,0,0,0,0
0,miconic,medium,p08,hff,0,0,NaN,r0,hff,111,250,2552,0.0282885
0,rovers,easy,p08,hff,0,0,NaN,r0,hff,20,31,93,0
0,floortile,hard,p11,hff,0,0,NaN,r0,hff,0,0,0,0
0,miconic,easy,p17,hff,0,0,NaN,r0,hff,21,24,159,0
0,blocksworld,medium,p24,hff,0,0,NaN,r0,hff,0,0,0,0
0,floortile,medium,p14,hff,0,0,NaN,r0,hff,0,0,0,0
0,ferry,medium,p10,hff,0,0,NaN,r0,hff,135,813,3048,0.159843
0,ferry,medium,p13,hff,0,0,NaN,r0,hff,168,1046,4378,0.269906
0,floortile,hard,p12,hff,0,0,NaN,r0,hff,0,0,0,0
0,sokoban,easy,p26,hff,0,0,NaN,r0,hff,71,367,648,0.0199568
0,sokoban,medium,p08,hff,0,0,NaN,r0,hff,1387,102448,147357,85.2547
0,satellite,medium,p04,hff,0,0,NaN,r0,hff,63,91,23965,0.779482
0,blocksworld,easy,p11,hff,0,0,NaN,r0,hff,116,6384,13932,0.162422
0,childsnack,easy,p28,hff,0,0,NaN,r0,hff,0,0,0,0
0,transport,hard,p24,hff,0,0,NaN,r0,hff,0,0,0,0
0,sokoban,hard,p26,hff,0,0,NaN,r0,hff,0,0,0,0
0,sokoban,hard,p10,hff,0,0,NaN,r0,hff,0,0,0,0
0,satellite,medium,p20,hff,0,0,NaN,r0,hff,143,215,168114,20.5197
0,miconic,hard,p03,hff,0,0,NaN,r0,hff,269,1134,14151,0.620774
0,sokoban,hard,p01,hff,0,0,NaN,r0,hff,0,0,0,0
0,rovers,medium,p07,hff,0,0,NaN,r0,hff,217,15615,810305,101.468
0,transport,easy,p24,hff,0,0,NaN,r0,hff,72,86649,1109385,71.8777
0,blocksworld,medium,p15,hff,0,0,NaN,r0,hff,0,0,0,0
0,miconic,easy,p29,hff,0,0,NaN,r0,hff,36,53,387,0
0,satellite,hard,p13,hff,0,0,NaN,r0,hff,0,0,0,0
0,transport,medium,p02,hff,0,0,NaN,r0,hff,26,194,11152,1.54889
0,ferry,hard,p19,hff,0,0,NaN,r0,hff,0,0,0,0
0,rovers,easy,p15,hff,0,0,NaN,r0,hff,43,53,436,0.00692416
0,ferry,hard,p13,hff,0,0,NaN,r0,hff,0,0,0,0
0,ferry,medium,p07,hff,0,0,NaN,r0,hff,102,496,1981,0.109629
0,satellite,easy,p26,hff,0,0,NaN,r0,hff,40,113,8357,0.0881284
0,satellite,medium,p03,hff,0,0,NaN,r0,hff,60,137,31985,1.00947
0,sokoban,medium,p09,hff,0,0,NaN,r0,hff,0,0,0,0
0,childsnack,hard,p15,hff,0,0,NaN,r0,hff,0,0,0,0
0,childsnack,easy,p13,hff,0,0,NaN,r0,hff,28,11826,93207,0.588145
0,blocksworld,medium,p08,hff,0,0,NaN,r0,hff,0,0,0,0
0,rovers,medium,p23,hff,0,0,NaN,r0,hff,0,0,0,0
0,transport,hard,p11,hff,0,0,NaN,r0,hff,0,0,0,0
0,spanner,medium,p12,hff,0,0,NaN,r0,hff,0,0,0,0
0,childsnack,easy,p06,hff,0,0,NaN,r0,hff,22,3911,11064,0.0399759
0,floortile,medium,p06,hff,0,0,NaN,r0,hff,0,0,0,0
0,satellite,medium,p07,hff,0,0,NaN,r0,hff,67,71,25344,1.14938
0,childsnack,hard,p14,hff,0,0,NaN,r0,hff,0,0,0,0
0,rovers,medium,p14,hff,0,0,NaN,r0,hff,220,19122,1178196,435.399
0,sokoban,hard,p21,hff,0,0,NaN,r0,hff,0,0,0,0
0,blocksworld,easy,p30,hff,0,0,NaN,r0,hff,0,0,0,0
0,ferry,hard,p18,hff,0,0,NaN,r0,hff,0,0,0,0
0,childsnack,medium,p29,hff,0,0,NaN,r0,hff,0,0,0,0
0,spanner,easy,p21,hff,0,0,NaN,r0,hff,17,229,328,0
0,rovers,medium,p01,hff,0,0,NaN,r0,hff,0,0,0,0
0,spanner,easy,p29,hff,0,0,NaN,r0,hff,21,1287,1593,0.00397955
0,childsnack,easy,p30,hff,0,0,NaN,r0,hff,47,2738240,58811683,1518.53
0,blocksworld,easy,p29,hff,0,0,NaN,r0,hff,280,365461,1357625,64.1923
0,ferry,easy,p23,hff,0,0,NaN,r0,hff,52,153,534,0.00998194
0,transport,medium,p06,hff,0,0,NaN,r0,hff,43,230,28051,11.641
0,rovers,easy,p13,hff,0,0,NaN,r0,hff,38,50,318,0
0,childsnack,easy,p12,hff,0,0,NaN,r0,hff,29,45332,183525,0.905654
0,sokoban,medium,p04,hff,0,0,NaN,r0,hff,0,0,0,0
0,blocksworld,medium,p21,hff,0,0,NaN,r0,hff,0,0,0,0
0,transport,medium,p23,hff,0,0,NaN,r0,hff,0,0,0,0
0,childsnack,medium,p12,hff,0,0,NaN,r0,hff,0,0,0,0
0,blocksworld,easy,p21,hff,0,0,NaN,r0,hff,90,1913,9383,0.229839
0,transport,medium,p20,hff,0,0,NaN,r0,hff,0,0,0,0
0,sokoban,easy,p12,hff,0,0,NaN,r0,hff,26,37,93,0
0,childsnack,medium,p20,hff,0,0,NaN,r0,hff,0,0,0,0
0,ferry,hard,p02,hff,0,0,NaN,r0,hff,798,19005,90071,154.09
0,transport,easy,p02,hff,0,0,NaN,r0,hff,4,5,29,0
0,sokoban,medium,p23,hff,0,0,NaN,r0,hff,0,0,0,0
0,ferry,easy,p02,hff,0,0,NaN,r0,hff,8,11,22,0
0,transport,medium,p17,hff,0,0,NaN,r0,hff,0,0,0,0
0,blocksworld,hard,p27,hff,0,0,NaN,r0,hff,0,0,0,0
0,ferry,easy,p05,hff,0,0,NaN,r0,hff,15,26,56,0
0,transport,hard,p13,hff,0,0,NaN,r0,hff,0,0,0,0
0,sokoban,hard,p17,hff,0,0,NaN,r0,hff,0,0,0,0
0,blocksworld,easy,p19,hff,0,0,NaN,r0,hff,128,17748,48166,1.26936
0,rovers,hard,p08,hff,0,0,NaN,r0,hff,0,0,0,0
0,rovers,easy,p28,hff,0,0,NaN,r0,hff,135,441,8422,0.129777
0,childsnack,easy,p22,hff,0,0,NaN,r0,hff,38,52135,1354563,21.4757
0,miconic,hard,p11,hff,0,0,NaN,r0,hff,603,3808,48406,3.91824
0,satellite,hard,p04,hff,0,0,NaN,r0,hff,281,598,1485624,1147.43
0,sokoban,easy,p18,hff,0,0,NaN,r0,hff,42,65,151,0
0,transport,easy,p16,hff,0,0,NaN,r0,hff,37,289,4049,0.119912
0,satellite,easy,p19,hff,0,0,NaN,r0,hff,26,63,3316,0.0156171
0,transport,medium,p29,hff,0,0,NaN,r0,hff,0,0,0,0
0,spanner,hard,p03,hff,0,0,NaN,r0,hff,0,0,0,0
0,blocksworld,easy,p22,hff,0,0,NaN,r0,hff,358,4884873,10999398,344.193
0,spanner,easy,p19,hff,0,0,NaN,r0,hff,17,415,556,0
0,floortile,easy,p08,hff,0,0,NaN,r0,hff,53,7707,15016,0.0491049
0,blocksworld,easy,p05,hff,0,0,NaN,r0,hff,36,84,210,0
0,blocksworld,medium,p13,hff,0,0,NaN,r0,hff,0,0,0,0
0,miconic,hard,p19,hff,0,0,NaN,r0,hff,941,7543,98094,12.8136
0,childsnack,hard,p20,hff,0,0,NaN,r0,hff,0,0,0,0
0,transport,hard,p01,hff,0,0,NaN,r0,hff,0,0,0,0
0,ferry,medium,p27,hff,0,0,NaN,r0,hff,317,3111,13900,2.35895
0,sokoban,easy,p30,hff,0,0,NaN,r0,hff,79,1680327,2026223,50.5089
0,ferry,hard,p27,hff,0,0,NaN,r0,hff,0,0,0,0
0,satellite,hard,p16,hff,0,0,NaN,r0,hff,0,0,0,0
0,rovers,medium,p08,hff,0,0,NaN,r0,hff,353,3749,239569,49.1744
0,miconic,medium,p24,hff,0,0,NaN,r0,hff,204,664,7134,0.149912
0,spanner,medium,p10,hff,0,0,NaN,r0,hff,0,0,0,0
0,sokoban,medium,p20,hff,0,0,NaN,r0,hff,0,0,0,0
0,spanner,hard,p01,hff,0,0,NaN,r0,hff,0,0,0,0
0,childsnack,hard,p02,hff,0,0,NaN,r0,hff,0,0,0,0
0,spanner,hard,p13,hff,0,0,NaN,r0,hff,0,0,0,0
0,floortile,easy,p17,hff,0,0,NaN,r0,hff,71,10162178,26467415,136.124
0,ferry,easy,p07,hff,0,0,NaN,r0,hff,20,34,83,0
0,childsnack,easy,p27,hff,0,0,NaN,r0,hff,0,0,0,0
0,miconic,hard,p15,hff,0,0,NaN,r0,hff,786,6354,71287,7.47598
0,floortile,easy,p01,hff,0,0,NaN,r0,hff,30,116,335,0
0,miconic,easy,p30,hff,0,0,NaN,r0,hff,35,54,406,0.00409709
0,satellite,hard,p10,hff,0,0,NaN,r0,hff,0,0,0,0
0,transport,hard,p06,hff,0,0,NaN,r0,hff,0,0,0,0
0,floortile,easy,p11,hff,0,0,NaN,r0,hff,0,0,0,0
0,ferry,easy,p22,hff,0,0,NaN,r0,hff,51,150,518,0.00679416
0,spanner,hard,p29,hff,0,0,NaN,r0,hff,0,0,0,0
0,satellite,hard,p24,hff,0,0,NaN,r0,hff,0,0,0,0
0,miconic,medium,p30,hff,0,0,NaN,r0,hff,246,964,9313,0.249796
0,blocksworld,easy,p10,hff,0,0,NaN,r0,hff,76,459,1199,0.0124895
0,rovers,easy,p07,hff,0,0,NaN,r0,hff,37,59,353,0.00413769
0,satellite,medium,p27,hff,0,0,NaN,r0,hff,170,328,334337,114.655
0,ferry,easy,p19,hff,0,0,NaN,r0,hff,45,122,407,0
0,rovers,hard,p25,hff,0,0,NaN,r0,hff,0,0,0,0
0,floortile,hard,p08,hff,0,0,NaN,r0,hff,0,0,0,0
0,rovers,medium,p13,hff,0,0,NaN,r0,hff,0,0,0,0
0,blocksworld,hard,p12,hff,0,0,NaN,r0,hff,0,0,0,0
0,rovers,hard,p10,hff,0,0,NaN,r0,hff,0,0,0,0
0,blocksworld,easy,p06,hff,0,0,NaN,r0,hff,68,293,636,0
0,transport,medium,p28,hff,0,0,NaN,r0,hff,0,0,0,0
0,ferry,medium,p19,hff,0,0,NaN,r0,hff,235,1893,7878,0.824364
0,childsnack,hard,p17,hff,0,0,NaN,r0,hff,0,0,0,0
0,floortile,easy,p18,hff,0,0,NaN,r0,hff,0,0,0,0
0,rovers,hard,p19,hff,0,0,NaN,r0,hff,0,0,0,0
0,transport,medium,p12,hff,0,0,NaN,r0,hff,0,0,0,0
0,floortile,hard,p27,hff,0,0,NaN,r0,hff,0,0,0,0
0,sokoban,hard,p20,hff,0,0,NaN,r0,hff,0,0,0,0
0,transport,easy,p22,hff,0,0,NaN,r0,hff,36,49,2325,0.109905
0,blocksworld,hard,p10,hff,0,0,NaN,r0,hff,0,0,0,0
0,blocksworld,hard,p17,hff,0,0,NaN,r0,hff,0,0,0,0
0,childsnack,medium,p18,hff,0,0,NaN,r0,hff,0,0,0,0
0,rovers,medium,p21,hff,0,0,NaN,r0,hff,0,0,0,0
0,childsnack,medium,p23,hff,0,0,NaN,r0,hff,0,0,0,0
0,sokoban,easy,p06,hff,0,0,NaN,r0,hff,19,25,50,0
0,spanner,hard,p28,hff,0,0,NaN,r0,hff,0,0,0,0
0,transport,hard,p10,hff,0,0,NaN,r0,hff,0,0,0,0
0,childsnack,easy,p14,hff,0,0,NaN,r0,hff,33,69450,634295,5.44736
0,rovers,medium,p16,hff,0,0,NaN,r0,hff,0,0,0,0
0,miconic,easy,p09,hff,0,0,NaN,r0,hff,11,17,50,0
0,transport,medium,p22,hff,0,0,NaN,r0,hff,0,0,0,0
0,blocksworld,hard,p21,hff,0,0,NaN,r0,hff,0,0,0,0
0,ferry,easy,p08,hff,0,0,NaN,r0,hff,23,41,101,0
0,transport,medium,p16,hff,0,0,NaN,r0,hff,0,0,0,0
0,sokoban,easy,p07,hff,0,0,NaN,r0,hff,12,19,31,0
0,sokoban,easy,p13,hff,0,0,NaN,r0,hff,33,92,150,0
0,sokoban,hard,p30,hff,0,0,NaN,r0,hff,0,0,0,0
0,sokoban,easy,p11,hff,0,0,NaN,r0,hff,13,82,127,0
0,satellite,easy,p04,hff,0,0,NaN,r0,hff,5,6,61,0
0,satellite,hard,p07,hff,0,0,NaN,r0,hff,0,0,0,0
0,floortile,medium,p03,hff,0,0,NaN,r0,hff,0,0,0,0
0,sokoban,easy,p01,hff,0,0,NaN,r0,hff,10,13,30,0
0,floortile,hard,p09,hff,0,0,NaN,r0,hff,0,0,0,0
0,transport,medium,p05,hff,0,0,NaN,r0,hff,0,0,0,0
0,floortile,hard,p14,hff,0,0,NaN,r0,hff,0,0,0,0
0,floortile,hard,p07,hff,0,0,NaN,r0,hff,0,0,0,0
0,sokoban,medium,p02,hff,0,0,NaN,r0,hff,344,3836,4929,0.379722
0,spanner,hard,p10,hff,0,0,NaN,r0,hff,0,0,0,0
0,childsnack,hard,p07,hff,0,0,NaN,r0,hff,0,0,0,0
0,spanner,hard,p25,hff,0,0,NaN,r0,hff,0,0,0,0
0,blocksworld,easy,p07,hff,0,0,NaN,r0,hff,78,1148,2538,0.0124772
0,miconic,medium,p19,hff,0,0,NaN,r0,hff,184,619,5438,0.0999512
0,sokoban,hard,p23,hff,0,0,NaN,r0,hff,0,0,0,0
0,miconic,medium,p23,hff,0,0,NaN,r0,hff,212,721,6728,0.139133
0,sokoban,medium,p11,hff,0,0,NaN,r0,hff,0,0,0,0
0,spanner,medium,p21,hff,0,0,NaN,r0,hff,0,0,0,0
0,spanner,easy,p22,hff,0,0,NaN,r0,hff,17,214,313,0
0,spanner,hard,p30,hff,0,0,NaN,r0,hff,0,0,0,0
0,rovers,easy,p18,hff,0,0,NaN,r0,hff,31,76,825,0
0,blocksworld,medium,p16,hff,0,0,NaN,r0,hff,0,0,0,0
0,ferry,medium,p15,hff,0,0,NaN,r0,hff,185,1334,5487,0.419784
0,blocksworld,easy,p17,hff,0,0,NaN,r0,hff,122,12139,37457,0.745015
0,ferry,hard,p28,hff,0,0,NaN,r0,hff,0,0,0,0
0,sokoban,medium,p27,hff,0,0,NaN,r0,hff,0,0,0,0
0,ferry,medium,p02,hff,0,0,NaN,r0,hff,50,161,640,0.00811911
0,spanner,easy,p07,hff,0,0,NaN,r0,hff,10,17,26,0
0,miconic,hard,p24,hff,0,0,NaN,r0,hff,1147,9737,136967,24.0889
0,satellite,easy,p17,hff,0,0,NaN,r0,hff,23,39,1901,0.00999258
0,ferry,hard,p09,hff,0,0,NaN,r0,hff,0,0,0,0
0,rovers,easy,p05,hff,0,0,NaN,r0,hff,6,7,20,0
0,sokoban,easy,p24,hff,0,0,NaN,r0,hff,44,105,218,0.00997598
0,sokoban,medium,p05,hff,0,0,NaN,r0,hff,845,64154,90128,47.63
0,ferry,hard,p20,hff,0,0,NaN,r0,hff,0,0,0,0
0,spanner,hard,p21,hff,0,0,NaN,r0,hff,0,0,0,0
0,spanner,hard,p09,hff,0,0,NaN,r0,hff,0,0,0,0
0,blocksworld,hard,p20,hff,0,0,NaN,r0,hff,0,0,0,0
0,blocksworld,easy,p25,hff,0,0,NaN,r0,hff,490,13432409,30801898,1166.26
0,blocksworld,hard,p02,hff,0,0,NaN,r0,hff,0,0,0,0
0,childsnack,easy,p01,hff,0,0,NaN,r0,hff,15,643,1816,0
0,childsnack,hard,p12,hff,0,0,NaN,r0,hff,0,0,0,0
0,sokoban,hard,p04,hff,0,0,NaN,r0,hff,0,0,0,0
0,miconic,medium,p12,hff,0,0,NaN,r0,hff,142,372,3481,0.0486376
0,miconic,medium,p07,hff,0,0,NaN,r0,hff,109,242,2331,0.0299842
0,miconic,easy,p11,hff,0,0,NaN,r0,hff,14,18,75,0
0,rovers,medium,p12,hff,0,0,NaN,r0,hff,0,0,0,0
0,sokoban,easy,p28,hff,0,0,NaN,r0,hff,64,123,231,0.00999349
0,floortile,hard,p21,hff,0,0,NaN,r0,hff,0,0,0,0
0,spanner,medium,p03,hff,0,0,NaN,r0,hff,0,0,0,0
0,floortile,easy,p24,hff,0,0,NaN,r0,hff,0,0,0,0
0,floortile,hard,p02,hff,0,0,NaN,r0,hff,0,0,0,0
0,miconic,medium,p27,hff,0,0,NaN,r0,hff,227,853,8162,0.189778
0,spanner,easy,p23,hff,0,0,NaN,r0,hff,18,212,311,0
0,floortile,medium,p08,hff,0,0,NaN,r0,hff,0,0,0,0
0,childsnack,medium,p27,hff,0,0,NaN,r0,hff,0,0,0,0
0,blocksworld,easy,p24,hff,0,0,NaN,r0,hff,0,0,0,0
0,satellite,hard,p21,hff,0,0,NaN,r0,hff,0,0,0,0
0,childsnack,hard,p25,hff,0,0,NaN,r0,hff,0,0,0,0
0,blocksworld,hard,p11,hff,0,0,NaN,r0,hff,0,0,0,0
0,sokoban,easy,p20,hff,0,0,NaN,r0,hff,67,423,698,0.0199724
0,ferry,medium,p11,hff,0,0,NaN,r0,hff,146,836,3424,0.189916
0,miconic,hard,p22,hff,0,0,NaN,r0,hff,1070,9428,120623,18.7111
0,ferry,hard,p14,hff,0,0,NaN,r0,hff,0,0,0,0
0,ferry,medium,p22,hff,0,0,NaN,r0,hff,255,2236,9900,1.23939
0,blocksworld,medium,p07,hff,0,0,NaN,r0,hff,0,0,0,0
0,transport,easy,p10,hff,0,0,NaN,r0,hff,23,37,584,0
0,blocksworld,easy,p14,hff,0,0,NaN,r0,hff,94,959,2556,0.0299507
0,floortile,hard,p25,hff,0,0,NaN,r0,hff,0,0,0,0
0,satellite,hard,p02,hff,0,0,NaN,r0,hff,243,1058,2087508,1182.19
0,blocksworld,hard,p16,hff,0,0,NaN,r0,hff,0,0,0,0
0,ferry,hard,p25,hff,0,0,NaN,r0,hff,0,0,0,0
0,childsnack,easy,p25,hff,0,0,NaN,r0,hff,0,0,0,0
0,rovers,medium,p20,hff,0,0,NaN,r0,hff,0,0,0,0
0,satellite,easy,p01,hff,0,0,NaN,r0,hff,4,5,50,0
0,floortile,easy,p04,hff,0,0,NaN,r0,hff,48,159,473,0
0,transport,medium,p19,hff,0,0,NaN,r0,hff,0,0,0,0
0,spanner,easy,p10,hff,0,0,NaN,r0,hff,11,16,26,0
0,floortile,easy,p14,hff,0,0,NaN,r0,hff,0,0,0,0
0,satellite,medium,p13,hff,0,0,NaN,r0,hff,90,476,217676,16.6085
0,satellite,hard,p08,hff,0,0,NaN,r0,hff,0,0,0,0
0,miconic,easy,p19,hff,0,0,NaN,r0,hff,24,29,200,0
0,miconic,medium,p20,hff,0,0,NaN,r0,hff,180,495,5766,0.109947
0,transport,hard,p26,hff,0,0,NaN,r0,hff,0,0,0,0
0,miconic,hard,p14,hff,0,0,NaN,r0,hff,727,4019,65214,6.36925
0,miconic,hard,p23,hff,0,0,NaN,r0,hff,1092,8507,128750,20.7501
0,floortile,medium,p11,hff,0,0,NaN,r0,hff,0,0,0,0
0,satellite,hard,p22,hff,0,0,NaN,r0,hff,0,0,0,0
0,spanner,hard,p19,hff,0,0,NaN,r0,hff,0,0,0,0
0,satellite,medium,p21,hff,0,0,NaN,r0,hff,124,308,233424,31.3047
0,blocksworld,hard,p15,hff,0,0,NaN,r0,hff,0,0,0,0
0,miconic,easy,p14,hff,0,0,NaN,r0,hff,18,22,113,0.00338739
0,ferry,easy,p12,hff,0,0,NaN,r0,hff,29,69,188,0
0,floortile,medium,p05,hff,0,0,NaN,r0,hff,0,0,0,0
0,satellite,hard,p01,hff,0,0,NaN,r0,hff,245,1186,1905935,992.384
0,sokoban,medium,p24,hff,0,0,NaN,r0,hff,0,0,0,0
0,ferry,hard,p24,hff,0,0,NaN,r0,hff,0,0,0,0
0,rovers,hard,p11,hff,0,0,NaN,r0,hff,0,0,0,0
0,miconic,medium,p02,hff,0,0,NaN,r0,hff,72,122,1390,0.00999413
0,satellite,easy,p06,hff,0,0,NaN,r0,hff,12,19,323,0.00435706
0,rovers,hard,p07,hff,0,0,NaN,r0,hff,0,0,0,0
0,rovers,easy,p10,hff,0,0,NaN,r0,hff,21,43,180,0
0,childsnack,medium,p13,hff,0,0,NaN,r0,hff,0,0,0,0
0,ferry,easy,p15,hff,0,0,NaN,r0,hff,38,93,263,0
0,floortile,easy,p22,hff,0,0,NaN,r0,hff,0,0,0,0
0,rovers,easy,p06,hff,0,0,NaN,r0,hff,21,36,120,0
0,satellite,hard,p15,hff,0,0,NaN,r0,hff,0,0,0,0
0,spanner,easy,p20,hff,0,0,NaN,r0,hff,17,220,319,0
0,satellite,hard,p20,hff,0,0,NaN,r0,hff,0,0,0,0
0,rovers,hard,p13,hff,0,0,NaN,r0,hff,0,0,0,0
0,sokoban,hard,p27,hff,0,0,NaN,r0,hff,0,0,0,0
0,transport,hard,p17,hff,0,0,NaN,r0,hff,0,0,0,0
0,rovers,easy,p03,hff,0,0,NaN,r0,hff,24,37,140,0.00335924
0,sokoban,easy,p09,hff,0,0,NaN,r0,hff,38,107,178,0
0,rovers,easy,p26,hff,0,0,NaN,r0,hff,50,237,2933,0.0199682
0,childsnack,hard,p13,hff,0,0,NaN,r0,hff,0,0,0,0
0,rovers,easy,p20,hff,0,0,NaN,r0,hff,100,8673086,32679437,202.932
0,floortile,hard,p29,hff,0,0,NaN,r0,hff,0,0,0,0
0,sokoban,easy,p03,hff,0,0,NaN,r0,hff,5,6,15,0
0,childsnack,hard,p28,hff,0,0,NaN,r0,hff,0,0,0,0
0,transport,easy,p26,hff,0,0,NaN,r0,hff,60,50593,875586,65.4062
0,floortile,medium,p07,hff,0,0,NaN,r0,hff,0,0,0,0
0,satellite,easy,p09,hff,0,0,NaN,r0,hff,9,10,227,0
0,transport,hard,p21,hff,0,0,NaN,r0,hff,0,0,0,0
0,satellite,easy,p07,hff,0,0,NaN,r0,hff,11,21,355,0
0,ferry,medium,p03,hff,0,0,NaN,r0,hff,62,218,843,0.0182089
0,childsnack,easy,p18,hff,0,0,NaN,r0,hff,33,95168,894789,8.42528
0,satellite,hard,p14,hff,0,0,NaN,r0,hff,0,0,0,0
0,sokoban,medium,p10,hff,0,0,NaN,r0,hff,0,0,0,0
0,floortile,hard,p24,hff,0,0,NaN,r0,hff,0,0,0,0
0,blocksworld,easy,p20,hff,0,0,NaN,r0,hff,178,96198,396228,9.44943
0,ferry,medium,p26,hff,0,0,NaN,r0,hff,304,2935,13048,2.10822
0,spanner,medium,p06,hff,0,0,NaN,r0,hff,0,0,0,0
0,childsnack,hard,p19,hff,0,0,NaN,r0,hff,0,0,0,0
0,blocksworld,hard,p03,hff,0,0,NaN,r0,hff,0,0,0,0
0,spanner,hard,p06,hff,0,0,NaN,r0,hff,0,0,0,0
0,blocksworld,medium,p01,hff,0,0,NaN,r0,hff,0,0,0,0
0,transport,easy,p28,hff,0,0,NaN,r0,hff,55,26413,726391,53.6113
0,rovers,easy,p23,hff,0,0,NaN,r0,hff,82,280,3069,0.0199889
0,spanner,medium,p02,hff,0,0,NaN,r0,hff,0,0,0,0
0,sokoban,hard,p14,hff,0,0,NaN,r0,hff,0,0,0,0
0,floortile,easy,p23,hff,0,0,NaN,r0,hff,0,0,0,0
0,blocksworld,easy,p04,hff,0,0,NaN,r0,hff,38,126,239,0
0,childsnack,medium,p11,hff,0,0,NaN,r0,hff,0,0,0,0
0,satellite,easy,p02,hff,0,0,NaN,r0,hff,8,9,85,0
0,ferry,easy,p26,hff,0,0,NaN,r0,hff,62,199,662,0.00903481
0,floortile,hard,p17,hff,0,0,NaN,r0,hff,0,0,0,0
0,spanner,hard,p04,hff,0,0,NaN,r0,hff,0,0,0,0
0,satellite,medium,p08,hff,0,0,NaN,r0,hff,13,23,7052,0.229892
0,transport,easy,p05,hff,0,0,NaN,r0,hff,17,41,205,0
0,childsnack,easy,p05,hff,0,0,NaN,r0,hff,17,502,1414,0.00727873
0,ferry,medium,p16,hff,0,0,NaN,r0,hff,201,1519,6040,0.489753
0,ferry,hard,p03,hff,0,0,NaN,r0,hff,893,23572,112089,259.124
0,transport,hard,p05,hff,0,0,NaN,r0,hff,0,0,0,0
0,transport,medium,p18,hff,0,0,NaN,r0,hff,0,0,0,0
0,sokoban,easy,p17,hff,0,0,NaN,r0,hff,53,137,280,0.00999005
0,transport,hard,p25,hff,0,0,NaN,r0,hff,0,0,0,0
0,rovers,medium,p19,hff,0,0,NaN,r0,hff,0,0,0,0
0,childsnack,medium,p09,hff,0,0,NaN,r0,hff,0,0,0,0
0,miconic,medium,p05,hff,0,0,NaN,r0,hff,94,209,1928,0.0258317
0,satellite,medium,p30,hff,0,0,NaN,r0,hff,76,452,515776,190.777
0,childsnack,easy,p08,hff,0,0,NaN,r0,hff,22,2472,7384,0.0220407
0,rovers,medium,p30,hff,0,0,NaN,r0,hff,0,0,0,0
0,transport,hard,p29,hff,0,0,NaN,r0,hff,0,0,0,0
0,satellite,easy,p16,hff,0,0,NaN,r0,hff,22,24,1207,0.00271172
0,floortile,easy,p09,hff,0,0,NaN,r0,hff,56,222,636,0
0,transport,hard,p22,hff,0,0,NaN,r0,hff,0,0,0,0
0,rovers,hard,p24,hff,0,0,NaN,r0,hff,0,0,0,0
0,floortile,hard,p01,hff,0,0,NaN,r0,hff,0,0,0,0
0,satellite,hard,p05,hff,0,0,NaN,r0,hff,60,236,621603,492.779
0,childsnack,medium,p04,hff,0,0,NaN,r0,hff,0,0,0,0
0,childsnack,hard,p29,hff,0,0,NaN,r0,hff,0,0,0,0
0,floortile,medium,p10,hff,0,0,NaN,r0,hff,0,0,0,0
0,floortile,hard,p30,hff,0,0,NaN,r0,hff,0,0,0,0
0,sokoban,medium,p29,hff,0,0,NaN,r0,hff,0,0,0,0
0,blocksworld,medium,p05,hff,0,0,NaN,r0,hff,0,0,0,0
0,ferry,hard,p06,hff,0,0,NaN,r0,hff,1176,41404,194957,870.045
0,floortile,medium,p13,hff,0,0,NaN,r0,hff,0,0,0,0
0,blocksworld,hard,p19,hff,0,0,NaN,r0,hff,0,0,0,0
0,floortile,easy,p15,hff,0,0,NaN,r0,hff,0,0,0,0
0,rovers,medium,p26,hff,0,0,NaN,r0,hff,0,0,0,0
0,spanner,medium,p14,hff,0,0,NaN,r0,hff,0,0,0,0
0,blocksworld,easy,p09,hff,0,0,NaN,r0,hff,106,5040,11215,0.0924502
0,ferry,easy,p25,hff,0,0,NaN,r0,hff,65,199,617,0.00906129
0,blocksworld,medium,p04,hff,0,0,NaN,r0,hff,0,0,0,0
0,sokoban,medium,p19,hff,0,0,NaN,r0,hff,0,0,0,0
0,spanner,hard,p22,hff,0,0,NaN,r0,hff,0,0,0,0
0,blocksworld,hard,p22,hff,0,0,NaN,r0,hff,0,0,0,0
0,rovers,easy,p02,hff,0,0,NaN,r0,hff,18,26,80,0
0,childsnack,easy,p11,hff,0,0,NaN,r0,hff,28,10200,91638,0.565766
0,childsnack,hard,p21,hff,0,0,NaN,r0,hff,0,0,0,0
0,rovers,medium,p03,hff,0,0,NaN,r0,hff,0,0,0,0
0,miconic,medium,p22,hff,0,0,NaN,r0,hff,196,621,6405,0.129891
0,satellite,medium,p23,hff,0,0,NaN,r0,hff,45,439,316097,40.6803
0,blocksworld,easy,p01,hff,0,0,NaN,r0,hff,10,11,31,0
0,miconic,medium,p01,hff,0,0,NaN,r0,hff,67,98,1216,0.0104625
0,miconic,easy,p04,hff,0,0,NaN,r0,hff,8,10,21,0
0,blocksworld,medium,p25,hff,0,0,NaN,r0,hff,0,0,0,0
0,transport,hard,p28,hff,0,0,NaN,r0,hff,0,0,0,0
0,ferry,easy,p17,hff,0,0,NaN,r0,hff,45,112,335,0.00689392
0,spanner,hard,p23,hff,0,0,NaN,r0,hff,0,0,0,0
0,blocksworld,hard,p30,hff,0,0,NaN,r0,hff,0,0,0,0
0,ferry,easy,p06,hff,0,0,NaN,r0,hff,18,33,71,0
0,satellite,easy,p27,hff,0,0,NaN,r0,hff,38,61,5551,0.0597997
0,sokoban,medium,p25,hff,0,0,NaN,r0,hff,0,0,0,0
0,miconic,hard,p12,hff,0,0,NaN,r0,hff,661,4269,53710,4.64836
0,childsnack,medium,p28,hff,0,0,NaN,r0,hff,0,0,0,0
0,satellite,easy,p08,hff,0,0,NaN,r0,hff,9,17,311,0
0,childsnack,easy,p16,hff,0,0,NaN,r0,hff,33,96715,903960,8.50378
0,blocksworld,medium,p14,hff,0,0,NaN,r0,hff,0,0,0,0
0,rovers,hard,p09,hff,0,0,NaN,r0,hff,0,0,0,0
0,satellite,hard,p27,hff,0,0,NaN,r0,hff,0,0,0,0
0,childsnack,hard,p10,hff,0,0,NaN,r0,hff,0,0,0,0
0,spanner,hard,p11,hff,0,0,NaN,r0,hff,0,0,0,0
0,floortile,hard,p22,hff,0,0,NaN,r0,hff,0,0,0,0
0,floortile,easy,p02,hff,0,0,NaN,r0,hff,38,111,341,0
0,spanner,hard,p08,hff,0,0,NaN,r0,hff,0,0,0,0
0,miconic,hard,p21,hff,0,0,NaN,r0,hff,1016,8096,112934,16.602
0,rovers,easy,p22,hff,0,0,NaN,r0,hff,100,635,6348,0.0489692
0,spanner,easy,p26,hff,0,0,NaN,r0,hff,20,1250,1555,0
0,sokoban,medium,p01,hff,0,0,NaN,r0,hff,142,28036,38471,2.77848
0,childsnack,medium,p14,hff,0,0,NaN,r0,hff,0,0,0,0
0,sokoban,medium,p21,hff,0,0,NaN,r0,hff,0,0,0,0
0,transport,medium,p21,hff,0,0,NaN,r0,hff,0,0,0,0
0,ferry,easy,p21,hff,0,0,NaN,r0,hff,52,139,445,0.00824448
0,childsnack,hard,p23,hff,0,0,NaN,r0,hff,0,0,0,0
0,blocksworld,medium,p29,hff,0,0,NaN,r0,hff,0,0,0,0
0,childsnack,easy,p26,hff,0,0,NaN,r0,hff,42,686508,12139930,240.176
0,transport,easy,p25,hff,0,0,NaN,r0,hff,60,19813,384489,27.6155
0,sokoban,hard,p11,hff,0,0,NaN,r0,hff,0,0,0,0
0,floortile,medium,p28,hff,0,0,NaN,r0,hff,0,0,0,0
0,rovers,easy,p14,hff,0,0,NaN,r0,hff,26,64,185,0
0,sokoban,medium,p22,hff,0,0,NaN,r0,hff,0,0,0,0
0,rovers,easy,p30,hff,0,0,NaN,r0,hff,95,143718,2802360,37.9095
0,transport,hard,p09,hff,0,0,NaN,r0,hff,0,0,0,0
0,satellite,medium,p14,hff,0,0,NaN,r0,hff,90,324,167051,12.5227
0,rovers,hard,p22,hff,0,0,NaN,r0,hff,0,0,0,0
0,transport,medium,p26,hff,0,0,NaN,r0,hff,0,0,0,0
0,rovers,easy,p11,hff,0,0,NaN,r0,hff,32,54,403,0
0,childsnack,easy,p03,hff,0,0,NaN,r0,hff,17,378,1099,0
0,sokoban,easy,p23,hff,0,0,NaN,r0,hff,33,70,155,0
0,satellite,medium,p26,hff,0,0,NaN,r0,hff,151,613,576867,113.957
0,sokoban,hard,p06,hff,0,0,NaN,r0,hff,0,0,0,0
0,spanner,medium,p11,hff,0,0,NaN,r0,hff,0,0,0,0
0,satellite,hard,p29,hff,0,0,NaN,r0,hff,0,0,0,0
0,satellite,medium,p18,hff,0,0,NaN,r0,hff,32,67,45927,4.23798
0,rovers,hard,p04,hff,0,0,NaN,r0,hff,0,0,0,0
0,transport,medium,p03,hff,0,0,NaN,r0,hff,31,75,3020,0.549622
0,satellite,easy,p25,hff,0,0,NaN,r0,hff,28,53,4322,0.0388935
0,blocksworld,easy,p16,hff,0,0,NaN,r0,hff,140,41323,84525,1.64279
0,sokoban,hard,p12,hff,0,0,NaN,r0,hff,0,0,0,0
0,blocksworld,hard,p25,hff,0,0,NaN,r0,hff,0,0,0,0
0,blocksworld,hard,p18,hff,0,0,NaN,r0,hff,0,0,0,0
0,spanner,easy,p11,hff,0,0,NaN,r0,hff,11,17,28,0
0,spanner,easy,p06,hff,0,0,NaN,r0,hff,8,9,11,0
0,blocksworld,medium,p22,hff,0,0,NaN,r0,hff,0,0,0,0
0,floortile,medium,p19,hff,0,0,NaN,r0,hff,0,0,0,0
0,ferry,medium,p20,hff,0,0,NaN,r0,hff,235,1980,8562,0.939542
0,childsnack,medium,p08,hff,0,0,NaN,r0,hff,0,0,0,0
0,rovers,hard,p01,hff,0,0,NaN,r0,hff,0,0,0,0
0,miconic,medium,p04,hff,0,0,NaN,r0,hff,88,175,1738,0.0199876
